segment_id,n_customers,selected_n,selected_rate,expected_profit_sum,base_response_rate,response_rate_selected
2,46,26,0.5652173913043478,134.3950638771057,0.4782608695652174,0.7307692307692307
0,199,13,0.06532663316582915,53.87443542480469,0.15577889447236182,0.7692307692307693
1,203,10,0.04926108374384237,41.18800354003906,0.06896551724137931,0.4
