segment_id,n_customers,selected_n,selected_rate,expected_profit_sum,base_response_rate,response_rate_selected
2,33,19,0.5757575757575758,68.67063188552856,0.42424242424242425,0.6842105263157895
1,180,13,0.07222222222222222,61.638976097106934,0.1111111111111111,0.8461538461538461
0,145,17,0.11724137931034483,55.11079525947571,0.1310344827586207,0.5882352941176471
