segment_id,n_customers,pct_customers,response_rate,median_total_spend,median_recency,mean_accepted_cmp,mean_web_purchases,mean_catalog_purchases,mean_store_purchases
2,139,0.09713487071977638,0.5539568345323741,1617.0,42.0,1.985611510791367,5.741007194244604,6.618705035971223,7.820143884892087
0,632,0.4416491963661775,0.12658227848101267,908.0,51.0,0.1661392405063291,5.829113924050633,3.911392405063291,8.150316455696203
1,660,0.4612159329140461,0.08636363636363636,65.0,49.0,0.08636363636363636,2.1424242424242426,0.5212121212121212,3.234848484848485
